"","name.1","name.2"
"1",2017-09-01,2017-11-27
"2",2017-08-01,2017-08-31
"3",2017-11-01,2018-06-30
"4",2017-11-01,2017-11-30
"5",2017-10-23,2018-10-23
"6",2017-11-15,2018-01-31
"7",2017-12-11,2018-02-01
"8",2017-12-01,2018-01-31
"9",2017-12-01,2018-01-31
"10",2017-10-01,2017-11-30
"11",2017-10-01,2017-11-30
"12",2017-11-01,2017-11-30
"13",2017-11-01,2017-11-30
"14",2017-08-07,2017-11-01
"15",2017-11-15,2018-01-31
"16",2017-12-01,2018-02-01
"17",2017-10-01,2017-11-30
"18",2017-09-01,2017-11-01
"19",2017-12-11,2018-03-01
"20",2017-10-11,2018-01-31
"21",2017-12-01,2018-03-01
"22",2017-10-01,2017-11-30
"23",2017-12-01,2018-07-01
"24",2017-09-01,2017-11-01
"25",2017-12-01,2018-03-01
"26",2017-08-01,2017-08-31
"27",2017-08-07,2017-11-01
"28",2017-09-01,2017-11-30
"29",2017-09-01,2017-11-30
"30",2017-09-01,2017-11-30
"31",2017-11-01,2017-11-30
"32",2017-11-01,2017-11-30
"33",2017-12-01,2018-01-31
"34",2017-10-01,2017-10-31
"35",2017-11-15,2018-01-31
"36",2017-12-01,2018-07-01
"37",2017-08-07,2017-10-01
"38",2017-11-01,2017-11-30
"39",2017-07-17,2018-01-17
"40",2017-12-01,2018-01-31
"41",2017-12-11,2018-03-01
"42",2017-07-17,2018-01-17
"43",2017-09-01,2017-09-30
"44",2017-12-11,2018-04-01
"45",2017-11-01,2018-06-30
"46",2017-10-01,2017-10-31
"47",2017-12-11,2018-02-01
"48",2017-09-01,2017-09-30
"49",2017-07-17,2018-01-17
"50",2017-12-01,2018-07-01
"51",2017-12-01,2018-02-01
"52",2017-09-01,2017-11-30
